2025-05-19,00:47:34,127.0.0.1
2025-05-19,00:47:47,127.0.0.1
2025-05-19,00:47:49,127.0.0.1
2025-05-19,00:47:50,127.0.0.1
2025-05-19,00:47:53,127.0.0.1
2025-05-19,00:48:00,127.0.0.1
2025-05-19,00:48:01,127.0.0.1
2025-05-19,00:48:08,127.0.0.1
2025-05-19,00:48:09,127.0.0.1
2025-05-19,01:00:31,127.0.0.1
2025-05-19,01:00:47,127.0.0.1
2025-05-19,01:00:50,127.0.0.1
2025-05-19,01:00:51,127.0.0.1
2025-05-19,01:00:54,127.0.0.1
2025-05-19,01:00:55,127.0.0.1
2025-05-19,01:00:58,127.0.0.1
2025-05-19,01:01:00,127.0.0.1
2025-05-19,01:01:01,127.0.0.1
2025-05-19,01:01:02,127.0.0.1
2025-05-19,01:01:03,127.0.0.1
2025-05-19,01:01:04,127.0.0.1
2025-05-19,01:01:06,127.0.0.1
2025-05-19,01:01:07,127.0.0.1
2025-05-19,01:03:29,127.0.0.1
2025-05-19,01:13:06,127.0.0.1
2025-05-19,01:13:25,127.0.0.1
2025-05-19,01:23:57,127.0.0.1
2025-05-19,01:24:18,127.0.0.1
2025-05-19,01:24:20,127.0.0.1
2025-05-19,01:24:21,127.0.0.1
2025-05-19,01:24:24,127.0.0.1
2025-05-19,01:24:24,127.0.0.1
2025-05-19,01:24:25,127.0.0.1
2025-05-19,01:24:26,127.0.0.1
2025-05-19,01:24:26,127.0.0.1
2025-05-19,01:24:26,127.0.0.1
2025-05-19,01:24:26,127.0.0.1
2025-05-19,01:24:26,127.0.0.1
2025-05-19,01:24:27,127.0.0.1
2025-05-19,01:24:27,127.0.0.1
2025-05-19,01:24:27,127.0.0.1
2025-05-19,01:24:46,127.0.0.1
2025-05-19,01:24:47,127.0.0.1
2025-05-19,01:25:07,127.0.0.1
2025-05-19,01:25:08,127.0.0.1
2025-05-19,01:25:09,127.0.0.1
2025-05-19,01:25:09,127.0.0.1
2025-05-19,01:25:56,127.0.0.1
2025-05-19,01:26:11,127.0.0.1
2025-05-19,01:26:18,127.0.0.1
2025-05-19,01:26:29,127.0.0.1
2025-05-19,01:27:09,127.0.0.1
2025-05-19,01:27:10,127.0.0.1
2025-05-19,01:27:12,127.0.0.1
2025-05-19,01:27:14,127.0.0.1
2025-05-19,01:27:15,127.0.0.1
2025-05-19,01:27:23,127.0.0.1
2025-05-19,01:27:25,127.0.0.1
2025-05-19,01:36:20,127.0.0.1
2025-05-19,01:37:51,127.0.0.1
2025-05-19,01:51:04,127.0.0.1
2025-05-19,01:51:25,127.0.0.1
2025-05-19,01:59:02,127.0.0.1
2025-05-19,02:09:09,127.0.0.1
2025-05-19,02:09:54,127.0.0.1
2025-05-19,02:10:08,127.0.0.1
2025-05-19,02:10:43,127.0.0.1
2025-05-19,02:10:44,127.0.0.1
2025-05-19,02:15:09,127.0.0.1
2025-05-19,02:35:46,127.0.0.1
2025-05-19,02:37:11,127.0.0.1
2025-05-19,02:45:03,127.0.0.1
2025-05-19,02:45:15,127.0.0.1
2025-05-19,02:45:32,127.0.0.1
2025-05-19,02:56:13,127.0.0.1
2025-05-19,02:56:14,127.0.0.1
2025-05-19,02:56:14,127.0.0.1
2025-05-19,02:56:15,127.0.0.1
2025-05-19,02:56:15,127.0.0.1
2025-05-19,02:56:16,127.0.0.1
2025-05-19,02:56:29,127.0.0.1
2025-05-19,02:56:39,127.0.0.1
2025-05-19,02:59:43,127.0.0.1
2025-05-19,03:02:01,127.0.0.1
2025-05-19,03:07:23,127.0.0.1
2025-05-20,12:45:28,127.0.0.1
2025-05-20,12:45:44,127.0.0.1
2025-05-20,12:47:59,127.0.0.1
2025-05-20,12:48:44,127.0.0.1
2025-05-20,12:53:11,127.0.0.1
2025-05-20,12:53:46,127.0.0.1
2025-05-20,12:53:57,127.0.0.1
2025-05-20,12:54:09,127.0.0.1
2025-05-20,12:54:20,127.0.0.1
2025-05-20,12:54:20,127.0.0.1
2025-05-20,12:54:31,127.0.0.1
2025-05-20,12:54:52,127.0.0.1
2025-05-20,12:55:09,127.0.0.1
2025-05-20,12:55:10,127.0.0.1
2025-05-20,12:55:10,127.0.0.1
2025-05-20,12:55:10,127.0.0.1
2025-05-20,12:55:36,127.0.0.1
2025-05-20,12:55:36,127.0.0.1
2025-05-20,12:56:13,127.0.0.1
2025-05-20,12:56:13,127.0.0.1
2025-05-20,12:59:27,127.0.0.1
2025-05-20,12:59:31,127.0.0.1
2025-05-20,12:59:43,127.0.0.1
2025-05-20,13:00:41,127.0.0.1
2025-05-20,13:04:48,127.0.0.1
2025-05-20,13:05:03,127.0.0.1
2025-05-21,21:01:27,127.0.0.1
2025-05-22,00:59:59,127.0.0.1
2025-05-22,01:00:21,127.0.0.1
2025-05-22,01:31:44,127.0.0.1
2025-05-22,01:32:27,127.0.0.1
2025-05-22,14:01:19,127.0.0.1
2025-05-22,15:39:07,127.0.0.1
2025-05-22,15:39:11,127.0.0.1
2025-05-22,20:03:14,127.0.0.1
2025-05-22,20:33:43,127.0.0.1
2025-05-22,20:38:20,127.0.0.1
2025-05-22,20:38:29,127.0.0.1
2025-05-22,20:43:06,127.0.0.1
2025-05-22,20:44:46,127.0.0.1
2025-05-22,20:46:10,127.0.0.1
2025-05-22,20:55:03,127.0.0.1
2025-05-22,20:59:07,127.0.0.1
2025-05-22,21:03:34,127.0.0.1
2025-05-22,21:06:43,127.0.0.1
2025-05-22,21:18:03,127.0.0.1
2025-05-22,21:30:31,127.0.0.1
2025-05-22,21:33:20,127.0.0.1
2025-05-22,21:33:39,127.0.0.1
2025-05-22,21:37:31,127.0.0.1
2025-05-22,21:41:33,127.0.0.1
2025-05-22,21:41:54,127.0.0.1
2025-05-22,21:42:57,127.0.0.1
2025-05-22,21:44:52,127.0.0.1
2025-05-22,22:26:16,127.0.0.1
2025-05-22,22:27:00,127.0.0.1
